{
  "Profiles": [
    {
      "Ansi 5 Color": {
        "Red Component": 0.95686274509803926,
        "Color Space": "sRGB",
        "Blue Component": 0.89411764705882357,
        "Alpha Component": 1,
        "Green Component": 0.72156862745098038
      },
      "Tags": [],
      "Ansi 12 Color": {
        "Red Component": 0.5490196078431373,
        "Color Space": "sRGB",
        "Blue Component": 0.93333333333333335,
        "Alpha Component": 1,
        "Green Component": 0.66666666666666663
      },
      "Use Non-ASCII Font": false,
      "Guid": "A073F8AC-54F3-44CF-8622-8B2A09D3FFAD",
      "Bold Color": {
        "Red Component": 0.77647058823529413,
        "Color Space": "sRGB",
        "Blue Component": 0.96078431372549022,
        "Alpha Component": 1,
        "Green Component": 0.81568627450980391
      },
      "Normal Font": "JetBrainsMonoNFM-Regular 16",
      "Ansi 2 Color": {
        "Red Component": 0.65098039215686276,
        "Color Space": "sRGB",
        "Blue Component": 0.53725490196078429,
        "Alpha Component": 1,
        "Green Component": 0.81960784313725488
      },
      "Link Color": {
        "Red Component": 0.59999999999999998,
        "Color Space": "sRGB",
        "Blue Component": 0.85882352941176465,
        "Alpha Component": 1,
        "Green Component": 0.81960784313725488
      },
      "Rows": 35,
      "Default Bookmark": "No",
      "Ansi 4 Color": {
        "Red Component": 0.5490196078431373,
        "Color Space": "sRGB",
        "Blue Component": 0.93333333333333335,
        "Alpha Component": 1,
        "Green Component": 0.66666666666666663
      },
      "Cursor Guide Color": {
        "Red Component": 0.77647058823529413,
        "Color Space": "sRGB",
        "Blue Component": 0.96078431372549022,
        "Alpha Component": 0.070000000000000007,
        "Green Component": 0.81568627450980391
      },
      "Non-ASCII Anti Aliased": true,
      "Use Bright Bold": true,
      "Ansi 10 Color": {
        "Red Component": 0.65098039215686276,
        "Color Space": "sRGB",
        "Blue Component": 0.53725490196078429,
        "Alpha Component": 1,
        "Green Component": 0.81960784313725488
      },
      "Icon": 1,
      "Ambiguous Double Width": false,
      "Jobs to Ignore": ["rlogin", "ssh", "slogin", "telnet"],
      "Ansi 15 Color": {
        "Red Component": 0.6470588235294118,
        "Color Space": "sRGB",
        "Blue Component": 0.80784313725490198,
        "Alpha Component": 1,
        "Green Component": 0.67843137254901964
      },
      "Foreground Color": {
        "Red Component": 0.77647058823529413,
        "Color Space": "sRGB",
        "Blue Component": 0.96078431372549022,
        "Alpha Component": 1,
        "Green Component": 0.81568627450980391
      },
      "Bound Hosts": [],
      "Working Directory": "/Users/rodrigogsilva",
      "Blinking Cursor": false,
      "Disable Window Resizing": true,
      "Sync Title": false,
      "Prompt Before Closing 2": false,
      "BM Growl": true,
      "Command": "",
      "Description": "Default",
      "Mouse Reporting": true,
      "Screen": -1,
      "Selection Color": {
        "Red Component": 0.3843137254901961,
        "Color Space": "sRGB",
        "Blue Component": 0.50196078431372548,
        "Alpha Component": 1,
        "Green Component": 0.40784313725490196
      },
      "Only The Default BG Color Uses Transparency": false,
      "Columns": 130,
      "Idle Code": 0,
      "Ansi 13 Color": {
        "Red Component": 0.95686274509803926,
        "Color Space": "sRGB",
        "Blue Component": 0.89411764705882357,
        "Alpha Component": 1,
        "Green Component": 0.72156862745098038
      },
      "Custom Command": "No",
      "ASCII Anti Aliased": true,
      "Non Ascii Font": "Monaco 12",
      "Vertical Spacing": 1,
      "Use Bold Font": true,
      "Option Key Sends": 0,
      "Selected Text Color": {
        "Red Component": 0.77647058823529413,
        "Color Space": "sRGB",
        "Blue Component": 0.96078431372549022,
        "Alpha Component": 1,
        "Green Component": 0.81568627450980391
      },
      "Background Color": {
        "Red Component": 0.18823529411764706,
        "Color Space": "sRGB",
        "Blue Component": 0.27450980392156865,
        "Alpha Component": 1,
        "Green Component": 0.20392156862745098
      },
      "Character Encoding": 4,
      "Ansi 11 Color": {
        "Red Component": 0.89803921568627454,
        "Color Space": "sRGB",
        "Blue Component": 0.56470588235294117,
        "Alpha Component": 1,
        "Green Component": 0.78431372549019607
      },
      "Use Italic Font": true,
      "Unlimited Scrollback": false,
      "Keyboard Map": {
        "0xf700-0x260000": {
          "Action": 10,
          "Text": "[1;6A"
        },
        "0x37-0x40000": {
          "Action": 11,
          "Text": "0x1f"
        },
        "0x32-0x40000": {
          "Action": 11,
          "Text": "0x00"
        },
        "0xf709-0x20000": {
          "Action": 10,
          "Text": "[17;2~"
        },
        "0xf70c-0x20000": {
          "Action": 10,
          "Text": "[20;2~"
        },
        "0xf729-0x20000": {
          "Action": 10,
          "Text": "[1;2H"
        },
        "0xf72b-0x40000": {
          "Action": 10,
          "Text": "[1;5F"
        },
        "0xf705-0x20000": {
          "Action": 10,
          "Text": "[1;2Q"
        },
        "0xf703-0x260000": {
          "Action": 10,
          "Text": "[1;6C"
        },
        "0xf700-0x220000": {
          "Action": 10,
          "Text": "[1;2A"
        },
        "0xf701-0x280000": {
          "Action": 11,
          "Text": "0x1b 0x1b 0x5b 0x42"
        },
        "0x38-0x40000": {
          "Action": 11,
          "Text": "0x7f"
        },
        "0x33-0x40000": {
          "Action": 11,
          "Text": "0x1b"
        },
        "0xf703-0x220000": {
          "Action": 10,
          "Text": "[1;2C"
        },
        "0xf701-0x240000": {
          "Action": 10,
          "Text": "[1;5B"
        },
        "0xf70d-0x20000": {
          "Action": 10,
          "Text": "[21;2~"
        },
        "0xf702-0x260000": {
          "Action": 10,
          "Text": "[1;6D"
        },
        "0xf729-0x40000": {
          "Action": 10,
          "Text": "[1;5H"
        },
        "0xf706-0x20000": {
          "Action": 10,
          "Text": "[1;2R"
        },
        "0x34-0x40000": {
          "Action": 11,
          "Text": "0x1c"
        },
        "0xf700-0x280000": {
          "Action": 11,
          "Text": "0x1b 0x1b 0x5b 0x41"
        },
        "0x2d-0x40000": {
          "Action": 11,
          "Text": "0x1f"
        },
        "0xf70e-0x20000": {
          "Action": 10,
          "Text": "[23;2~"
        },
        "0xf702-0x220000": {
          "Action": 10,
          "Text": "[1;2D"
        },
        "0xf703-0x280000": {
          "Action": 11,
          "Text": "0x1b 0x1b 0x5b 0x43"
        },
        "0xf700-0x240000": {
          "Action": 10,
          "Text": "[1;5A"
        },
        "0xf707-0x20000": {
          "Action": 10,
          "Text": "[1;2S"
        },
        "0xf70a-0x20000": {
          "Action": 10,
          "Text": "[18;2~"
        },
        "0x35-0x40000": {
          "Action": 11,
          "Text": "0x1d"
        },
        "0xf70f-0x20000": {
          "Action": 10,
          "Text": "[24;2~"
        },
        "0xf703-0x240000": {
          "Action": 10,
          "Text": "[1;5C"
        },
        "0xf701-0x260000": {
          "Action": 10,
          "Text": "[1;6B"
        },
        "0xf702-0x280000": {
          "Action": 11,
          "Text": "0x1b 0x1b 0x5b 0x44"
        },
        "0xf72b-0x20000": {
          "Action": 10,
          "Text": "[1;2F"
        },
        "0x36-0x40000": {
          "Action": 11,
          "Text": "0x1e"
        },
        "0xf708-0x20000": {
          "Action": 10,
          "Text": "[15;2~"
        },